frame,player,det_idx,bbox_x1,bbox_y1,bbox_x2,bbox_y2,nose_x,nose_y,nose_s,L_eye_x,L_eye_y,L_eye_s,R_eye_x,R_eye_y,R_eye_s,L_ear_x,L_ear_y,L_ear_s,R_ear_x,R_ear_y,R_ear_s,L_shoulder_x,L_shoulder_y,L_shoulder_s,R_shoulder_x,R_shoulder_y,R_shoulder_s,L_elbow_x,L_elbow_y,L_elbow_s,R_elbow_x,R_elbow_y,R_elbow_s,L_wrist_x,L_wrist_y,L_wrist_s,R_wrist_x,R_wrist_y,R_wrist_s,L_hip_x,L_hip_y,L_hip_s,R_hip_x,R_hip_y,R_hip_s,L_knee_x,L_knee_y,L_knee_s,R_knee_x,R_knee_y,R_knee_s,L_ankle_x,L_ankle_y,L_ankle_s,R_ankle_x,R_ankle_y,R_ankle_s
0,top,1,862.20,394.17,1011.02,540.03,936.12,411.39,0.8467,939.51,408.48,0.8183,933.22,408.00,0.8016,944.84,409.94,0.8734,927.89,409.94,0.7886,961.80,424.47,0.8236,919.65,422.53,0.8022,975.36,450.63,0.7980,912.87,441.43,0.7349,987.96,476.79,0.7378,899.79,460.80,0.7568,962.77,461.77,0.8023,932.73,462.26,0.7462,983.60,497.13,0.7822,904.64,490.84,0.7691,996.19,522.33,0.8571,877.99,518.93,0.8778
0,bottom,0,631.69,746.59,819.59,1005.30,709.85,767.93,0.7803,705.43,764.14,0.5171,713.01,763.51,0.5560,700.38,773.62,0.7050,721.22,769.83,0.7554,688.38,803.94,0.8357,743.33,800.15,0.7860,683.32,846.25,0.6840,758.48,839.31,0.7878,708.59,853.20,0.4414,738.27,852.57,0.5259,702.27,880.36,0.6958,734.48,874.68,0.6400,672.59,930.26,0.7580,773.01,873.41,0.7730,656.79,985.84,0.8339,786.28,935.94,0.8017
1,top,1,872.45,392.20,1011.81,538.93,945.76,408.86,0.8270,948.94,405.69,0.8163,942.13,405.69,0.7521,953.47,407.50,0.8265,936.23,406.59,0.7741,967.53,422.92,0.8203,924.89,418.84,0.7866,977.97,448.33,0.7573,915.82,436.08,0.7310,987.95,471.01,0.6591,902.21,456.95,0.7513,967.53,458.76,0.7683,938.96,458.31,0.7361,986.13,493.69,0.8183,910.83,486.89,0.7796,1000.20,519.09,0.8324,889.51,517.28,0.8697
1,bottom,0,631.53,738.05,819.35,1000.63,726.08,758.44,0.6971,723.52,754.59,0.4957,726.08,753.95,0.5055,715.18,762.92,0.7198,736.98,761.00,0.7340,700.44,793.05,0.7881,756.21,793.05,0.8062,696.59,830.87,0.5751,767.11,831.52,0.7870,724.16,838.57,0.4292,745.96,846.26,0.5226,708.77,869.34,0.7063,738.90,863.57,0.6371,681.85,923.83,0.7529,778.01,867.41,0.7738,657.49,979.60,0.8301,786.98,933.44,0.8282
2,top,1,892.99,391.59,1014.63,539.39,952.62,410.05,0.7580,956.58,406.88,0.7186,949.45,406.09,0.7140,961.73,408.07,0.7869,943.91,406.09,0.7467,973.61,423.12,0.7568,931.24,415.99,0.7455,982.72,448.46,0.6964,916.19,431.83,0.7972,992.22,471.82,0.5946,902.33,452.82,0.7922,971.23,455.99,0.7177,944.31,454.80,0.6953,989.84,490.04,0.7439,918.96,482.91,0.7063,1006.87,518.15,0.7463,908.27,515.38,0.7808
2,bottom,0,633.61,726.31,819.07,995.86,742.14,748.56,0.8637,740.16,745.27,0.6223,744.11,744.61,0.5553,731.61,751.19,0.7751,752.67,750.53,0.7626,717.13,779.49,0.8485,768.46,783.43,0.8669,718.45,813.71,0.4841,777.01,823.58,0.8139,747.40,823.58,0.4601,761.22,838.05,0.5447,715.15,855.82,0.7507,744.77,852.53,0.7089,694.10,914.39,0.7740,783.59,868.33,0.7863,663.82,968.35,0.8125,790.18,936.11,0.8469
3,top,1,894.41,394.07,1026.37,537.88,962.97,411.85,0.7218,966.84,408.41,0.7099,960.39,407.55,0.6767,970.27,409.27,0.7385,953.09,407.12,0.7465,980.58,424.74,0.7430,938.91,414.86,0.7064,987.89,450.94,0.6619,919.15,427.74,0.7808,996.91,474.57,0.6126,903.26,447.07,0.8012,975.00,454.81,0.6857,947.51,453.95,0.6966,995.62,490.46,0.7225,921.73,487.45,0.7501,1015.81,520.96,0.7742,927.32,511.94,0.7781
3,bottom,0,649.68,713.83,819.48,979.80,756.01,737.72,0.9047,754.71,734.48,0.5751,759.26,734.48,0.5767,744.32,740.32,0.7994,767.05,740.32,0.7929,730.03,767.59,0.8245,781.33,774.09,0.8574,730.68,802.01,0.4623,787.83,815.00,0.7974,757.96,815.65,0.4043,770.29,833.83,0.5870,723.54,843.57,0.7341,754.06,840.97,0.6954,702.76,904.61,0.7949,789.13,870.19,0.8259,677.44,955.25,0.8072,791.07,935.77,0.8730
4,top,1,892.72,397.46,1038.00,541.00,971.98,414.37,0.7378,975.29,411.53,0.7327,969.14,410.59,0.7146,977.66,412.00,0.7284,961.58,409.64,0.7381,986.64,427.14,0.7705,946.44,415.31,0.7089,993.74,454.10,0.6649,921.38,426.19,0.7646,998.94,479.16,0.6305,902.46,445.11,0.7951,979.55,455.99,0.6855,952.12,455.51,0.6990,1002.72,493.35,0.7212,929.89,488.62,0.7371,1024.95,525.04,0.7820,932.26,514.16,0.8420
4,bottom,0,680.54,701.89,818.89,975.95,767.78,725.17,0.9444,767.78,721.83,0.6419,769.11,722.50,0.6018,757.07,728.52,0.8201,777.81,729.19,0.7945,740.34,756.62,0.8427,790.53,762.64,0.8681,728.97,796.10,0.7014,795.88,805.46,0.7641,753.73,811.49,0.3834,785.84,826.21,0.5490,732.98,830.89,0.7322,763.76,830.89,0.6883,712.91,891.11,0.7694,792.53,870.37,0.7859,694.85,943.30,0.7847,791.19,935.94,0.8784
5,top,1,895.31,400.66,1043.66,550.52,980.11,419.57,0.6674,983.49,416.19,0.6669,977.69,415.71,0.6608,984.45,416.19,0.6631,970.45,412.81,0.7160,993.63,430.20,0.7880,954.51,417.16,0.6906,998.94,457.24,0.6620,927.95,424.88,0.7125,1002.80,480.42,0.5904,906.70,438.41,0.7968,986.87,458.69,0.7164,958.86,457.72,0.7235,1008.60,494.42,0.7416,937.61,486.70,0.7070,1031.30,529.68,0.7662,932.30,516.16,0.8134
5,bottom,0,704.03,690.54,815.86,965.45,776.05,711.89,0.8791,776.05,707.86,0.6126,777.39,708.53,0.5583,765.31,714.57,0.7822,786.12,715.91,0.7421,747.86,743.43,0.8218,800.21,751.48,0.8500,732.43,784.37,0.7978,803.57,796.45,0.7546,754.57,788.40,0.5059,798.87,821.29,0.6582,741.15,818.60,0.7207,772.70,819.94,0.6744,724.37,878.34,0.7731,794.17,869.61,0.8075,713.63,928.00,0.7820,791.49,933.37,0.8415
6,top,1,891.40,403.30,1048.93,557.62,988.11,422.00,0.7376,991.70,418.41,0.7260,985.55,417.90,0.7011,992.73,418.41,0.6849,977.34,415.33,0.7161,1000.42,433.79,0.8384,961.96,419.44,0.7367,1003.50,463.02,0.7194,936.32,423.54,0.7172,1009.14,487.13,0.6261,912.73,433.28,0.7772,993.75,461.49,0.7712,966.06,460.46,0.7476,1015.29,499.43,0.7716,945.04,487.64,0.7334,1036.32,532.76,0.7796,933.24,516.35,0.8116
6,bottom,0,719.63,676.59,819.86,955.33,782.67,699.60,0.8606,783.35,694.83,0.5939,784.71,696.19,0.5545,771.78,700.96,0.7539,792.20,703.00,0.7420,753.41,730.22,0.8131,805.13,739.06,0.8471,736.40,770.37,0.8250,809.89,779.89,0.7528,759.53,771.73,0.5344,810.57,807.79,0.7238,750.01,808.47,0.7238,779.95,809.16,0.6898,735.72,867.00,0.8000,796.96,865.64,0.7859,730.95,917.35,0.7983,793.56,926.88,0.8020
7,top,1,897.19,405.72,1056.40,557.98,995.97,422.77,0.7540,999.08,419.14,0.7487,993.38,418.62,0.7290,1000.12,419.66,0.6809,984.57,416.55,0.7341,1006.86,436.76,0.8344,969.54,421.21,0.7231,1007.89,464.75,0.6971,942.07,423.80,0.7252,1012.56,487.55,0.5690,916.16,430.54,0.7866,1000.12,462.16,0.7486,972.13,461.12,0.7280,1019.29,499.47,0.7702,950.88,490.66,0.7105,1037.95,536.27,0.7676,934.82,516.06,0.7915
7,bottom,0,731.58,665.30,828.21,946.71,790.20,689.21,0.8178,790.89,684.40,0.5415,792.95,685.77,0.5333,778.52,690.58,0.7195,798.44,692.64,0.7431,758.60,720.12,0.8010,812.18,729.74,0.8423,738.67,757.91,0.8155,818.37,770.97,0.7521,762.03,762.03,0.5449,821.80,802.57,0.7364,756.53,797.76,0.7417,786.76,799.13,0.7088,745.54,856.16,0.8116,803.25,856.16,0.7813,744.17,907.00,0.8179,797.76,913.87,0.7823
8,top,1,908.45,403.69,1052.16,558.04,1000.89,423.80,0.8228,1004.63,420.52,0.8248,998.55,419.59,0.7670,1006.50,420.99,0.7607,990.60,417.71,0.7765,1011.65,438.77,0.8241,976.10,422.39,0.7104,1012.58,465.43,0.6638,948.50,422.86,0.6775,1017.26,489.76,0.5687,922.30,428.01,0.7588,1005.10,463.56,0.7447,977.50,461.69,0.7252,1022.41,500.51,0.7952,956.45,491.63,0.7254,1037.85,538.87,0.7776,937.74,517.82,0.7647
8,bottom,0,735.46,657.54,838.50,933.98,797.78,681.70,0.7858,797.78,676.98,0.5303,799.81,678.33,0.5212,784.96,683.73,0.7116,805.21,685.08,0.7208,764.71,712.07,0.7729,818.03,722.20,0.8150,742.44,749.87,0.8227,827.48,764.71,0.7317,758.64,766.06,0.5794,832.20,798.46,0.7262,762.01,789.01,0.7190,792.38,789.01,0.6749,755.94,845.03,0.8021,810.60,845.03,0.7744,753.24,897.67,0.8279,803.86,900.37,0.7785
9,top,1,911.23,405.45,1050.88,557.74,1005.60,424.77,0.8364,1009.24,421.14,0.8230,1002.42,419.77,0.7903,1011.97,422.50,0.7962,995.15,418.41,0.8186,1015.61,440.68,0.8248,981.51,422.95,0.7121,1015.61,467.05,0.6492,954.69,422.04,0.6759,1021.06,490.69,0.5660,927.42,426.14,0.7449,1008.79,463.41,0.7360,982.88,460.68,0.7108,1025.15,499.32,0.7787,961.06,491.14,0.6805,1037.88,539.33,0.7652,942.42,517.51,0.7800
9,bottom,0,738.38,652.96,849.81,926.37,805.44,676.86,0.7806,804.77,672.18,0.5512,807.44,672.85,0.5413,792.09,678.19,0.7273,812.78,680.86,0.7424,771.40,706.23,0.7740,825.47,717.57,0.8264,746.03,742.27,0.8111,835.48,762.96,0.7347,748.70,771.64,0.7320,840.82,795.67,0.7403,766.06,781.65,0.7145,796.10,782.32,0.6779,764.72,834.39,0.8052,820.13,837.72,0.8139,760.72,891.79,0.8437,813.45,898.47,0.8058
10,top,1,912.34,405.57,1050.44,556.41,1009.71,423.45,0.8661,1013.76,419.85,0.8142,1006.57,418.51,0.8151,1015.56,422.10,0.8069,999.37,418.06,0.7992,1018.25,441.43,0.8339,986.34,422.55,0.7234,1019.15,466.61,0.6294,960.26,420.75,0.6513,1022.30,486.83,0.5441,934.19,424.35,0.7313,1011.06,463.01,0.7439,984.99,458.96,0.7173,1025.90,498.52,0.7832,963.41,491.33,0.7091,1037.58,538.08,0.7911,946.78,517.85,0.8005
10,bottom,0,732.71,650.51,858.53,924.12,810.32,674.42,0.8421,809.65,670.42,0.5955,812.99,671.08,0.5412,798.96,676.43,0.7678,819.00,678.43,0.7449,778.92,703.15,0.7942,833.03,714.50,0.8316,751.53,737.88,0.7995,843.05,759.26,0.7362,742.85,770.62,0.7857,849.73,792.66,0.7848,770.90,775.29,0.7269,800.96,777.30,0.6801,773.58,824.72,0.7911,829.69,835.41,0.8254,766.90,884.18,0.8339,824.34,898.87,0.8283
11,top,1,915.14,404.50,1049.93,556.72,1011.06,421.82,0.9234,1015.01,418.31,0.8722,1007.98,416.99,0.8807,1018.52,420.94,0.8543,1001.40,417.43,0.8417,1021.59,441.12,0.8551,989.56,421.82,0.7542,1022.46,467.01,0.6574,964.55,420.06,0.6778,1024.66,488.95,0.5939,938.22,423.14,0.7593,1013.25,462.19,0.7473,986.92,458.24,0.7117,1025.97,498.16,0.7832,965.42,489.39,0.6850,1037.82,537.21,0.7930,950.51,517.47,0.8060
11,bottom,0,727.39,651.08,866.13,921.67,816.58,673.41,0.7968,815.26,670.11,0.5580,819.22,670.77,0.5713,804.69,676.05,0.7390,823.85,677.37,0.7540,784.87,701.82,0.7872,839.70,714.37,0.8219,756.46,738.15,0.7759,849.61,756.65,0.7432,740.61,773.16,0.8009,856.88,788.36,0.7722,776.94,773.82,0.6985,806.01,777.13,0.6553,781.57,818.09,0.7410,839.04,835.26,0.8080,774.96,872.92,0.7811,828.47,895.38,0.8310
12,top,1,923.17,403.49,1049.57,556.01,1012.70,419.26,0.9270,1016.82,415.97,0.8710,1009.82,414.74,0.8748,1020.52,418.85,0.8813,1003.24,414.74,0.8518,1023.81,439.84,0.8518,991.72,420.09,0.7521,1025.04,465.35,0.6322,969.09,419.68,0.6641,1026.69,487.15,0.5666,943.17,422.56,0.7598,1014.35,460.82,0.7403,988.43,456.71,0.6894,1027.10,498.26,0.7854,968.26,489.21,0.6927,1037.80,537.35,0.8088,953.86,515.96,0.7811
12,bottom,0,726.13,650.53,873.35,921.83,818.95,673.58,0.8353,817.62,670.27,0.5846,821.60,670.27,0.5997,809.01,676.23,0.7656,828.22,676.89,0.7750,790.47,702.72,0.8051,845.44,712.66,0.8448,762.65,734.52,0.7584,855.38,754.39,0.7766,740.79,771.61,0.8133,863.32,781.54,0.7741,785.17,773.59,0.7131,813.65,778.23,0.6840,788.48,813.34,0.7044,843.45,838.51,0.7930,783.84,861.69,0.7307,828.22,895.47,0.7928
13,top,1,925.06,399.51,1049.37,555.07,1013.12,414.56,0.9498,1017.16,411.73,0.9210,1009.88,410.52,0.9152,1020.81,415.37,0.9289,1003.81,411.73,0.8634,1024.85,436.01,0.8350,992.48,417.39,0.7468,1026.07,459.48,0.5994,969.82,418.61,0.6232,1027.28,474.05,0.5716,945.54,422.66,0.7195,1015.14,459.48,0.7248,988.43,454.62,0.6813,1026.88,497.52,0.7663,968.60,488.62,0.6809,1037.80,537.18,0.8193,955.25,514.92,0.7742
13,bottom,0,724.54,648.97,876.49,922.05,820.52,670.17,0.7936,817.19,666.84,0.5660,823.19,666.84,0.6122,810.52,673.50,0.7849,829.85,673.50,0.7814,793.18,701.50,0.8277,848.52,707.50,0.8703,768.52,732.84,0.7651,859.19,747.51,0.8054,743.85,766.84,0.8424,869.19,772.84,0.7967,793.85,773.51,0.7410,821.19,777.51,0.7196,795.85,807.51,0.6807,843.19,839.51,0.7672,792.52,850.18,0.7298,827.19,896.18,0.7993
14,top,1,928.60,395.29,1049.85,556.12,1012.51,411.37,0.9401,1016.46,408.21,0.8791,1009.36,407.42,0.8850,1020.41,411.37,0.8995,1003.44,408.21,0.8939,1025.14,432.29,0.8314,990.81,414.92,0.7330,1026.33,454.79,0.5943,970.28,417.69,0.5953,1026.72,472.15,0.5806,947.39,421.63,0.7173,1014.49,457.55,0.7111,988.04,453.21,0.6738,1027.12,497.02,0.7660,967.91,487.94,0.6944,1037.38,536.49,0.8177,955.28,513.99,0.7703
14,bottom,0,728.57,643.43,879.52,920.76,821.65,664.29,0.7618,817.59,662.25,0.5906,825.04,661.58,0.5859,812.17,668.35,0.7835,830.45,668.35,0.7304,795.25,696.78,0.8747,850.77,702.20,0.8894,772.23,729.96,0.7765,862.28,740.79,0.8249,745.82,764.49,0.8353,872.43,763.81,0.7950,802.02,771.26,0.7560,828.42,774.65,0.7664,802.69,803.08,0.6576,842.64,836.26,0.7585,804.73,840.32,0.7052,830.45,889.07,0.8068
15,top,1,931.01,387.84,1050.04,556.39,1011.93,405.87,0.9326,1016.04,402.57,0.8927,1008.64,402.16,0.8987,1020.16,406.28,0.8770,1002.46,404.22,0.8888,1024.68,429.32,0.8379,989.71,412.86,0.7539,1026.33,454.42,0.6305,969.13,416.56,0.5940,1028.80,477.47,0.5921,947.73,420.27,0.6294,1013.98,455.25,0.7130,987.24,451.13,0.7102,1026.33,496.40,0.7738,967.49,486.11,0.6983,1037.44,536.31,0.8179,955.55,513.27,0.7756
15,bottom,0,732.98,635.34,881.11,914.96,821.38,657.73,0.7407,817.29,655.00,0.5839,824.80,654.32,0.5485,811.83,661.15,0.7733,830.94,660.47,0.7388,798.17,691.87,0.8718,851.42,692.55,0.8797,776.33,727.37,0.7913,863.71,731.46,0.8198,749.70,763.55,0.8395,873.27,749.89,0.8052,809.78,764.91,0.7449,837.09,766.28,0.7389,811.14,797.68,0.6434,842.55,829.08,0.7082,815.24,835.23,0.7122,835.72,879.60,0.7393
16,top,1,933.00,383.81,1050.10,556.65,1009.27,400.60,0.8639,1013.07,397.65,0.8392,1005.90,397.23,0.8268,1017.71,401.87,0.8530,999.99,399.76,0.8204,1023.20,425.50,0.8084,988.17,409.46,0.7271,1025.31,449.55,0.6499,966.23,414.53,0.5559,1028.26,474.03,0.6314,945.98,418.75,0.5680,1012.65,455.88,0.6692,986.06,450.82,0.6865,1024.89,495.97,0.7421,967.50,485.42,0.6916,1037.55,535.64,0.8105,956.10,512.85,0.7657
16,bottom,0,739.64,629.51,883.63,909.61,823.26,652.62,0.7194,819.84,649.20,0.5552,827.37,649.20,0.5279,812.32,656.04,0.7562,832.84,655.36,0.7423,800.70,688.87,0.8546,852.67,685.45,0.8491,779.50,726.48,0.7776,867.03,724.43,0.7287,753.51,762.04,0.8172,874.55,738.10,0.6881,816.42,758.62,0.7122,844.46,759.30,0.6997,816.42,792.81,0.6538,845.83,821.53,0.6722,820.53,833.84,0.7540,841.04,870.08,0.6266
17,top,1,932.22,379.92,1049.89,556.70,1007.02,394.51,0.8861,1010.47,391.49,0.8922,1003.57,391.06,0.8645,1015.22,395.37,0.8687,997.10,393.65,0.8736,1020.83,421.27,0.8149,985.44,405.30,0.7664,1023.42,447.16,0.6702,968.61,410.91,0.5308,1027.31,470.90,0.6846,950.49,413.93,0.5710,1010.91,454.07,0.6857,984.15,448.46,0.7073,1023.42,496.79,0.7343,965.59,485.14,0.6991,1037.23,536.07,0.8139,956.53,513.19,0.7647
17,bottom,0,747.55,624.85,887.74,882.69,824.57,647.38,0.7199,821.42,643.61,0.5110,828.35,642.35,0.4967,815.13,649.90,0.7518,834.64,649.27,0.7255,803.17,683.89,0.8594,855.42,680.12,0.8603,784.91,724.18,0.7925,870.52,718.52,0.7155,760.36,758.81,0.8187,878.71,730.48,0.7001,822.68,753.77,0.7231,850.38,753.77,0.7327,822.05,786.50,0.7340,851.01,812.94,0.7536,822.05,833.09,0.7905,844.71,856.38,0.7208
18,top,1,932.49,373.98,1049.57,557.09,1002.65,389.98,0.8858,1006.68,386.40,0.8994,999.52,385.96,0.8497,1011.59,390.87,0.8767,993.71,388.64,0.8889,1017.41,417.25,0.8056,982.09,401.60,0.7633,1020.09,445.42,0.6610,962.42,407.86,0.5212,1026.35,472.24,0.6271,944.98,410.99,0.5292,1010.25,452.12,0.6706,981.64,448.10,0.7032,1022.77,496.38,0.7217,963.31,485.65,0.6934,1037.08,536.62,0.8134,956.16,516.05,0.7527
18,bottom,0,762.21,616.67,890.79,868.09,829.57,638.64,0.7530,827.73,633.73,0.4959,831.41,633.73,0.5007,819.13,641.10,0.7465,839.39,640.48,0.7408,808.70,674.86,0.8300,858.42,670.56,0.8395,791.51,714.76,0.7781,874.38,708.62,0.7467,773.09,747.29,0.7780,882.36,724.58,0.6924,826.50,743.60,0.7296,854.12,744.22,0.7383,824.66,783.50,0.7714,855.96,800.69,0.7478,823.43,832.61,0.7964,850.44,835.68,0.7446
19,top,1,927.23,368.73,1048.96,555.37,999.03,385.05,0.9071,1003.13,382.31,0.9195,995.84,381.40,0.8749,1008.15,386.41,0.8979,989.92,384.14,0.9029,1013.16,411.93,0.8193,978.53,398.26,0.7735,1016.35,438.81,0.6919,960.30,404.64,0.5469,1022.73,462.05,0.6518,941.62,406.92,0.5619,1007.23,450.66,0.6920,979.44,447.47,0.6957,1019.99,495.31,0.7466,962.58,485.74,0.7036,1035.94,535.41,0.8321,954.84,520.83,0.7838
19,bottom,0,779.65,607.25,893.53,855.40,835.38,629.55,0.6790,833.57,624.70,0.4650,837.81,624.70,0.4813,825.69,633.79,0.7146,844.47,631.97,0.7298,814.18,664.68,0.8172,863.86,661.05,0.8381,798.43,703.46,0.7737,878.40,698.01,0.7912,786.92,731.93,0.7535,887.48,716.79,0.7627,831.75,733.75,0.7320,859.01,733.75,0.7439,826.90,779.79,0.8056,863.25,787.06,0.7967,823.27,830.68,0.8242,857.19,820.99,0.7606
20,top,1,918.75,365.00,1049.84,555.36,994.06,381.64,0.9256,998.24,378.85,0.9291,990.80,377.92,0.8823,1003.35,383.03,0.9256,985.69,380.71,0.9098,1008.46,408.59,0.8184,974.54,395.12,0.7768,1011.71,435.55,0.7077,953.62,402.09,0.5618,1020.08,460.18,0.6349,933.64,404.41,0.5538,1004.28,450.88,0.6885,975.93,449.49,0.6908,1017.76,495.03,0.7515,961.99,487.60,0.7138,1035.42,535.00,0.8568,954.55,524.78,0.8297
20,bottom,0,795.67,597.12,899.91,850.45,842.22,621.11,0.7221,840.98,616.17,0.4550,843.46,616.17,0.5248,832.94,624.21,0.7105,851.50,622.35,0.7262,821.19,655.13,0.8230,870.67,652.04,0.8152,805.11,692.24,0.7280,884.90,689.15,0.7780,800.78,716.98,0.6617,892.32,710.18,0.7436,837.27,725.02,0.7144,865.72,724.40,0.7277,828.61,774.50,0.8024,870.67,771.41,0.7875,823.67,827.69,0.8489,866.96,814.70,0.7797
21,top,1,912.74,363.52,1050.56,557.10,989.21,379.02,0.8846,993.47,375.71,0.8672,985.91,375.24,0.8504,998.67,379.96,0.8796,980.23,376.66,0.8698,1002.92,405.01,0.8255,969.84,392.73,0.7676,1007.17,430.54,0.7080,951.88,401.23,0.5280,1015.68,452.28,0.6440,930.14,403.60,0.5049,999.61,448.02,0.6763,972.67,448.02,0.6772,1014.74,494.34,0.7579,961.33,489.14,0.7204,1035.06,534.98,0.8521,955.18,528.84,0.8462
21,bottom,0,803.86,590.78,902.41,847.42,848.75,611.96,0.7952,848.12,608.20,0.5180,848.12,608.20,0.5451,839.98,615.72,0.7315,858.15,614.46,0.7442,826.82,646.42,0.8392,876.94,645.17,0.8246,811.16,684.01,0.7549,891.36,683.39,0.7928,812.41,697.17,0.6289,898.25,702.81,0.7322,843.11,717.22,0.7080,871.93,715.97,0.7251,830.58,768.60,0.7962,879.45,758.57,0.7437,824.94,822.48,0.8615,876.94,806.82,0.7833
22,top,2,902.64,361.49,1049.96,557.40,984.45,376.96,0.8903,988.76,374.08,0.8911,981.57,373.12,0.8755,994.04,378.40,0.8946,975.34,375.52,0.8912,998.36,403.33,0.8299,965.27,391.82,0.7699,1002.67,427.31,0.7134,947.04,401.90,0.5721,1011.30,448.41,0.6871,922.59,405.25,0.5424,995.00,449.37,0.6717,969.58,450.33,0.6717,1011.30,493.97,0.7495,959.99,490.13,0.7158,1033.84,533.30,0.8634,956.63,528.98,0.8445
22,bottom,0,809.43,583.49,917.38,844.90,856.38,605.06,0.8645,856.38,601.23,0.5606,855.10,601.23,0.6016,848.08,608.25,0.7184,865.95,606.98,0.7657,832.77,638.25,0.8632,883.82,636.97,0.8127,817.45,677.82,0.8014,897.23,675.27,0.7926,827.66,682.93,0.5372,904.88,697.60,0.7053,848.72,710.37,0.6880,877.44,708.45,0.7042,832.77,763.98,0.7723,886.38,744.83,0.7530,828.30,816.95,0.8533,888.93,800.99,0.7793
23,top,1,896.71,358.78,1047.16,556.05,979.28,375.14,0.9226,983.20,372.20,0.9177,976.34,371.71,0.8968,988.58,376.61,0.9095,969.97,374.65,0.9061,993.97,401.59,0.8343,959.69,391.79,0.8005,999.36,424.60,0.7117,945.98,405.01,0.6197,1006.70,445.17,0.6700,922.96,408.93,0.5442,990.54,451.54,0.6840,965.57,452.03,0.6910,1007.68,495.13,0.7584,956.75,490.72,0.7227,1031.68,532.84,0.8537,955.28,528.92,0.8602
23,bottom,0,815.12,578.27,918.21,843.23,863.43,598.84,0.8882,864.72,594.96,0.5821,862.14,595.61,0.6096,854.37,602.08,0.7352,873.13,601.43,0.7704,838.85,632.48,0.8483,890.60,632.48,0.8248,822.68,670.00,0.8295,904.18,670.64,0.7952,837.56,674.53,0.5710,910.01,692.64,0.6805,853.08,705.58,0.7046,882.19,702.99,0.7102,836.91,761.21,0.7711,893.83,741.15,0.7401,832.38,812.31,0.8465,899.66,787.08,0.7476
24,top,1,895.82,357.89,1044.51,556.76,974.53,373.81,0.9250,978.90,370.41,0.8851,971.62,369.93,0.9103,983.76,374.78,0.9011,965.31,372.35,0.8514,989.59,399.54,0.8073,955.11,391.29,0.7972,995.90,424.31,0.7043,942.00,408.77,0.7039,1004.15,445.18,0.6633,917.24,416.54,0.6922,986.67,451.50,0.6550,962.40,451.50,0.6700,1002.70,495.68,0.7492,954.14,489.85,0.7206,1029.40,532.09,0.8206,955.60,528.70,0.8390
24,bottom,0,818.97,572.93,920.85,842.68,870.57,595.19,0.8776,871.23,591.23,0.5895,869.91,591.89,0.5758,860.69,599.14,0.7648,880.45,598.48,0.8069,846.86,628.12,0.8387,897.57,629.43,0.8545,829.08,664.34,0.8401,910.74,667.63,0.8026,846.86,657.09,0.6016,916.67,692.66,0.7037,858.71,703.19,0.7250,887.69,701.22,0.7317,844.22,758.52,0.7708,898.23,740.73,0.7065,836.32,807.91,0.8155,903.50,777.62,0.7026
25,top,1,899.25,354.81,1038.39,556.38,970.30,371.45,0.9446,974.73,368.49,0.8896,967.34,367.51,0.9128,980.14,372.43,0.9003,960.95,370.46,0.8570,986.04,396.54,0.8029,951.60,390.64,0.8130,992.44,422.13,0.7406,939.29,412.78,0.7718,1000.31,444.28,0.7142,917.64,422.63,0.6982,982.60,450.68,0.6571,959.47,450.68,0.6675,997.36,494.47,0.7351,953.57,490.04,0.7414,1023.94,530.89,0.8079,955.53,528.92,0.8394
25,bottom,0,819.96,572.98,928.63,840.50,877.56,594.40,0.8869,878.87,589.83,0.6103,876.91,590.48,0.5612,867.77,597.01,0.7651,886.71,597.01,0.8098,853.40,627.71,0.8309,904.34,629.67,0.8683,835.76,662.33,0.8387,916.75,666.90,0.8015,850.13,647.30,0.6173,923.28,691.72,0.7333,865.15,698.90,0.7202,892.59,698.25,0.7333,850.79,755.72,0.7532,900.42,740.70,0.6952,838.38,802.10,0.7734,902.38,778.58,0.6727
26,top,0,908.12,353.45,1028.94,557.59,966.54,370.30,0.9237,970.52,366.81,0.9114,963.05,366.31,0.8746,976.50,371.29,0.8668,957.56,369.80,0.8585,983.48,395.71,0.7948,948.10,391.23,0.8042,989.46,422.13,0.7333,938.13,414.65,0.7381,995.44,445.55,0.7182,919.19,428.11,0.6670,980.99,450.04,0.6540,958.56,450.53,0.6602,992.45,492.40,0.7172,953.58,489.41,0.7248,1015.87,528.78,0.7785,956.07,528.78,0.8267
26,bottom,1,823.01,573.56,933.71,835.38,884.75,595.17,0.8852,886.03,591.33,0.6026,884.11,591.97,0.5274,874.52,597.72,0.7467,893.70,598.36,0.7971,861.10,628.40,0.8322,910.96,630.32,0.8609,842.56,664.20,0.8349,923.10,668.03,0.7905,857.90,655.89,0.5715,928.22,691.69,0.7409,870.69,697.44,0.7077,898.81,696.80,0.7132,855.35,753.69,0.7343,904.57,733.23,0.7298,841.29,795.88,0.7571,901.37,776.70,0.7912
27,top,0,912.77,352.53,1017.67,559.37,962.70,369.10,0.9090,966.73,365.56,0.8873,959.16,365.06,0.8724,973.30,370.11,0.8540,954.11,369.10,0.8440,981.88,395.35,0.8164,945.02,392.32,0.8188,987.44,423.13,0.7415,936.94,416.56,0.7397,989.96,449.39,0.7070,922.30,433.23,0.6762,978.85,449.89,0.6403,956.64,449.89,0.6432,988.45,492.81,0.7470,953.61,490.29,0.7302,1007.64,530.18,0.8094,955.63,528.16,0.8564
27,bottom,1,827.48,571.73,939.11,827.14,891.40,592.81,0.8789,893.27,589.06,0.6071,891.40,589.69,0.5114,881.43,595.92,0.7531,900.76,597.17,0.7808,867.08,626.48,0.8153,917.59,630.22,0.8389,852.12,662.65,0.8039,928.19,667.63,0.7775,867.08,658.90,0.5000,934.43,694.45,0.7434,875.81,695.07,0.6996,903.87,693.82,0.6896,861.47,749.94,0.7367,908.24,728.12,0.7246,846.51,787.98,0.7320,901.38,773.64,0.7910
28,top,0,918.06,351.24,1007.91,561.85,959.39,368.62,0.8956,963.50,365.02,0.8852,955.79,364.51,0.8643,970.19,369.65,0.8688,951.16,369.65,0.8370,980.47,395.36,0.8328,942.93,393.30,0.8222,985.10,424.15,0.7418,935.22,419.01,0.7518,986.13,449.86,0.7030,923.91,440.09,0.7019,976.87,449.35,0.6501,955.79,449.86,0.6515,985.10,492.03,0.7464,953.73,490.48,0.7330,998.98,531.10,0.7865,954.76,528.53,0.8482
28,bottom,1,839.00,566.99,956.60,820.31,897.80,588.51,0.8914,899.66,584.18,0.5837,897.18,584.80,0.5742,887.91,590.98,0.7898,907.08,590.98,0.8145,871.83,620.05,0.8382,921.30,625.00,0.8166,863.17,659.02,0.7883,931.20,663.96,0.7895,878.01,671.39,0.3974,940.48,692.41,0.7160,881.10,689.94,0.7205,908.32,689.94,0.6953,871.21,739.42,0.7589,911.41,727.67,0.7492,853.89,780.85,0.7295,901.51,772.81,0.8028
29,top,1,922.32,351.84,996.83,561.72,956.50,369.16,0.9172,960.09,365.57,0.9002,952.91,365.57,0.8747,967.26,369.67,0.8964,948.81,369.67,0.8539,979.05,396.32,0.8456,941.13,394.27,0.8344,982.63,426.55,0.7402,934.98,420.91,0.7694,981.10,453.71,0.7169,926.78,446.02,0.7267,976.48,451.66,0.6507,954.45,451.66,0.6487,983.66,494.70,0.7495,952.40,491.62,0.7398,989.81,536.71,0.8054,954.96,528.00,0.8378
29,bottom,0,848.30,561.19,955.92,812.18,902.72,581.90,0.8892,905.17,577.61,0.5793,902.11,578.22,0.5666,892.30,583.74,0.7819,911.30,584.35,0.8063,875.76,613.15,0.8471,925.39,619.28,0.8176,869.02,652.37,0.7866,933.97,657.27,0.7864,874.53,675.65,0.4612,944.39,687.30,0.7284,886.17,682.39,0.7251,913.14,682.39,0.7038,878.82,730.80,0.7580,914.36,725.90,0.7830,860.44,771.86,0.7396,901.49,773.08,0.8342
30,top,1,926.59,353.79,992.19,567.33,953.65,369.33,0.8611,957.30,365.68,0.8767,950.00,365.68,0.8752,965.12,370.89,0.8907,946.88,371.41,0.8535,977.63,396.96,0.8473,939.58,394.87,0.8576,980.76,428.24,0.7537,934.36,422.50,0.7528,976.07,456.91,0.7106,931.76,448.57,0.7322,975.55,452.74,0.6341,953.13,453.78,0.6334,980.24,496.53,0.7561,952.09,492.88,0.7219,982.85,540.84,0.8020,955.22,528.33,0.8264
30,bottom,0,855.58,554.20,957.29,800.99,908.24,573.96,0.8739,910.65,569.75,0.5843,908.24,570.35,0.5680,898.00,575.17,0.7439,915.47,575.77,0.7763,881.73,603.49,0.8693,929.33,610.72,0.8360,873.30,643.25,0.7961,937.16,649.28,0.8004,878.12,669.16,0.6060,948.01,676.99,0.7535,888.96,675.79,0.7577,915.47,676.99,0.7177,889.57,721.58,0.7784,916.08,724.59,0.7940,868.48,764.35,0.7510,902.22,772.79,0.8637
31,top,1,928.61,354.30,990.01,571.40,951.89,370.10,0.8427,956.13,366.39,0.8532,948.71,366.92,0.8868,964.08,371.69,0.8874,945.53,372.75,0.8508,977.33,398.72,0.8457,938.64,397.13,0.8572,979.45,431.58,0.7476,933.87,427.34,0.7301,972.03,459.67,0.7204,937.05,454.37,0.6968,974.68,454.37,0.6252,951.89,454.90,0.6216,976.80,499.43,0.7308,951.89,494.13,0.6874,975.74,542.89,0.8081,955.07,528.05,0.8104
31,bottom,0,865.57,546.50,958.48,790.47,912.62,566.63,0.8843,915.60,562.46,0.5895,912.62,563.06,0.5773,903.09,567.83,0.7315,920.37,569.02,0.7565,885.82,595.82,0.8787,933.47,602.97,0.8551,876.88,637.51,0.8136,940.62,643.47,0.8013,881.05,666.70,0.6876,951.93,671.47,0.7651,892.97,667.89,0.7623,919.77,669.68,0.7301,897.73,713.76,0.8096,918.58,721.50,0.8414,876.29,759.62,0.8260,902.50,772.13,0.8852
32,top,1,929.37,356.55,988.24,569.54,951.52,372.56,0.8359,955.68,368.40,0.8378,948.40,368.40,0.8808,964.00,373.60,0.8823,945.28,374.12,0.8222,977.00,400.64,0.8468,938.52,398.56,0.8615,978.04,433.92,0.7648,935.92,429.24,0.7392,968.68,460.96,0.7415,941.64,456.28,0.7105,973.36,455.24,0.6183,951.00,455.76,0.6146,973.36,501.52,0.7138,951.52,495.28,0.6602,970.76,544.16,0.8026,954.64,527.00,0.8042
32,bottom,0,875.22,538.83,962.32,789.30,918.16,561.33,0.8163,921.22,557.05,0.5681,920.61,557.66,0.6005,907.77,561.94,0.7118,926.11,563.16,0.7702,890.64,589.46,0.8775,935.89,597.41,0.8484,881.47,630.43,0.8061,943.84,636.54,0.8059,883.31,662.84,0.7137,956.07,662.84,0.7537,897.98,663.45,0.7410,922.44,665.28,0.7077,905.93,709.31,0.7912,920.00,719.10,0.8375,886.97,753.95,0.8285,902.26,770.46,0.8621
33,top,1,930.63,358.34,987.70,568.84,951.97,374.17,0.8409,956.08,370.06,0.8271,948.88,370.06,0.8624,964.30,375.20,0.8814,945.80,375.71,0.8238,977.15,402.95,0.8405,939.12,398.84,0.8656,978.18,436.36,0.7692,936.55,428.13,0.7620,966.36,463.08,0.7380,942.20,451.26,0.7515,972.01,458.97,0.6139,949.91,457.43,0.6111,969.44,503.68,0.7254,950.94,497.00,0.6378,967.90,547.36,0.8400,954.54,526.29,0.7993
33,bottom,0,880.79,535.22,966.70,787.42,924.98,557.27,0.7720,927.44,552.34,0.5920,927.44,552.96,0.6229,913.28,557.27,0.6978,931.14,558.50,0.7490,896.04,583.74,0.8716,939.76,593.59,0.8464,887.42,625.00,0.8049,947.14,631.15,0.7989,888.04,660.71,0.7095,960.69,655.17,0.7808,902.20,660.71,0.7356,924.98,662.55,0.7064,912.66,705.65,0.7537,920.67,717.35,0.8245,898.50,751.22,0.7658,902.20,769.69,0.8595
34,top,1,931.18,358.77,988.11,569.40,952.96,375.64,0.8235,957.08,371.53,0.8245,949.88,371.53,0.8461,965.30,375.64,0.8625,946.79,376.67,0.8232,977.64,403.41,0.8398,939.08,399.81,0.8584,978.16,437.35,0.7658,938.05,429.63,0.7735,965.82,462.03,0.7121,943.71,450.72,0.7712,970.96,459.46,0.6276,949.36,457.92,0.6297,968.39,503.68,0.7089,950.39,498.54,0.6319,967.87,547.90,0.8194,954.50,526.82,0.7199
34,bottom,0,883.90,531.86,973.16,788.20,930.40,554.26,0.7879,932.91,551.13,0.5903,932.91,551.13,0.6021,919.14,554.89,0.7436,936.04,556.14,0.7583,902.24,580.55,0.8509,943.55,589.93,0.8411,891.60,621.23,0.8152,950.43,627.48,0.7827,891.60,656.27,0.7514,966.08,651.27,0.7887,906.62,657.52,0.6926,927.27,659.40,0.6713,919.14,706.97,0.6881,921.02,714.48,0.7587,913.51,752.03,0.6722,900.36,768.30,0.7688
35,top,1,931.23,359.64,988.26,571.03,955.10,376.57,0.7980,959.23,372.44,0.7958,951.49,372.44,0.8043,966.97,376.57,0.8534,948.39,377.60,0.8095,978.33,404.44,0.8256,940.14,399.79,0.8428,978.33,437.47,0.7539,938.59,429.21,0.7445,965.42,462.24,0.6885,943.75,450.89,0.7427,970.59,460.17,0.6013,948.39,457.59,0.6046,968.00,506.62,0.7055,947.88,497.85,0.5753,967.49,548.42,0.8114,952.52,526.23,0.6577
35,bottom,0,886.86,530.21,980.56,787.10,936.22,552.66,0.7578,939.36,549.53,0.5555,937.48,550.15,0.5928,924.31,553.29,0.7210,939.98,554.54,0.7177,907.37,578.38,0.8312,947.51,589.04,0.8214,896.71,617.89,0.8174,955.04,626.04,0.7797,894.83,653.64,0.7301,971.97,649.88,0.7839,910.51,652.38,0.6618,929.95,654.89,0.6560,924.31,702.56,0.6392,921.80,713.22,0.7353,922.42,744.58,0.7209,897.34,767.79,0.7515
36,top,1,931.53,358.57,988.40,572.35,955.26,375.69,0.8000,959.96,372.04,0.7890,952.13,371.52,0.8068,967.79,376.21,0.8455,949.00,377.26,0.8018,979.27,403.88,0.8123,940.13,399.70,0.8320,978.75,437.28,0.7617,938.56,429.45,0.7483,964.66,461.29,0.6883,943.78,452.41,0.7179,969.88,461.29,0.6053,947.44,459.20,0.6157,967.79,507.74,0.7167,945.87,502.00,0.6090,967.27,548.97,0.8103,952.66,528.09,0.6032
36,bottom,0,884.38,530.98,988.37,788.38,940.77,552.85,0.7851,943.92,549.70,0.5814,942.66,550.33,0.5858,929.46,553.47,0.7471,945.80,554.73,0.7298,912.49,578.61,0.8271,952.08,588.67,0.8320,901.18,617.57,0.8239,959.63,627.00,0.7923,898.67,652.77,0.7628,980.99,652.77,0.7632,913.75,651.51,0.6647,933.23,654.02,0.6654,930.09,701.16,0.6553,923.81,712.47,0.7336,935.12,745.15,0.7546,896.78,766.51,0.7698
37,top,1,931.73,357.63,988.55,571.73,957.00,374.78,0.8377,961.71,371.12,0.8079,953.87,370.60,0.8211,969.03,376.35,0.8816,950.21,376.87,0.8290,979.48,404.05,0.8255,940.80,398.82,0.8424,978.96,438.03,0.7902,938.19,429.14,0.7553,963.80,462.59,0.7175,941.32,453.71,0.6763,970.07,462.59,0.6250,947.07,459.98,0.6443,966.94,509.11,0.7785,942.89,504.41,0.7115,966.94,550.93,0.8181,953.87,529.50,0.6737
37,bottom,0,883.02,530.89,993.97,788.80,946.68,552.80,0.7912,949.20,550.28,0.6064,947.31,550.28,0.5504,935.35,554.06,0.7372,951.09,555.95,0.6873,918.98,577.99,0.8172,954.87,590.58,0.8101,906.39,616.40,0.8082,963.69,628.36,0.7864,903.24,651.03,0.7897,983.83,652.29,0.7873,919.61,651.66,0.6463,937.87,654.81,0.6499,935.98,699.51,0.6391,928.42,711.47,0.7139,942.91,744.85,0.6924,898.83,764.37,0.7497
38,top,1,930.42,358.16,988.74,569.58,956.48,374.05,0.8211,961.13,370.44,0.7846,953.90,370.44,0.8028,969.39,376.12,0.8690,950.29,376.12,0.7952,979.71,403.48,0.7983,941.00,398.31,0.8193,979.19,437.54,0.7694,937.90,428.25,0.7305,963.71,461.80,0.7118,938.42,454.58,0.6635,968.87,462.32,0.5933,946.67,460.25,0.6049,967.32,508.26,0.7462,939.45,501.03,0.7000,968.35,550.06,0.7672,952.87,526.84,0.6752
38,bottom,0,891.90,530.39,996.33,785.98,954.10,554.60,0.7509,956.60,552.10,0.5583,955.97,552.73,0.5407,940.37,555.22,0.7409,956.60,557.10,0.6907,924.77,578.31,0.7995,959.09,590.79,0.8041,912.29,616.38,0.8057,966.58,630.11,0.7711,908.55,650.70,0.7852,987.80,656.31,0.7504,925.39,651.32,0.6396,942.24,653.82,0.6453,942.87,700.62,0.6557,935.38,711.23,0.7001,945.99,748.04,0.7367,901.68,761.15,0.7443
39,top,1,928.55,358.16,988.76,537.14,956.91,372.06,0.8690,961.71,369.43,0.8128,954.28,369.43,0.8281,970.02,375.99,0.8656,950.35,375.12,0.7805,979.63,403.52,0.8042,941.18,397.40,0.8093,978.75,436.29,0.7363,937.24,427.11,0.7113,964.33,461.63,0.6967,935.93,453.33,0.6675,968.70,463.38,0.6508,944.67,461.20,0.6589,966.08,506.64,0.7360,937.68,501.84,0.7429,968.70,546.41,0.5546,950.79,526.31,0.6763
39,bottom,0,894.12,530.68,996.76,782.42,962.03,555.75,0.7093,963.87,552.68,0.5404,963.87,552.68,0.5937,946.05,554.52,0.6824,959.57,557.60,0.6911,930.07,576.65,0.8254,962.03,590.78,0.8049,919.01,615.37,0.7935,968.18,630.73,0.7728,914.09,649.17,0.7902,986.62,658.39,0.7429,931.30,651.63,0.6552,947.90,654.70,0.6547,949.74,699.57,0.6358,947.90,710.63,0.7010,947.28,748.12,0.7637,907.95,754.88,0.7359
40,top,1,927.27,358.69,988.30,535.87,957.35,371.14,0.8532,962.11,368.98,0.8037,954.76,368.55,0.8194,969.90,375.90,0.8803,950.43,374.60,0.7665,979.41,404.45,0.7945,940.91,397.53,0.7914,978.55,437.76,0.7282,936.16,427.81,0.7131,963.84,463.28,0.6766,931.40,454.63,0.6654,968.17,464.58,0.6323,943.51,462.85,0.6416,966.44,508.70,0.7262,935.72,502.64,0.7337,969.90,557.58,0.5217,947.84,529.90,0.7057
40,bottom,0,902.43,531.33,996.36,771.42,966.39,555.24,0.6782,968.74,551.14,0.4903,968.15,552.31,0.5557,949.39,552.31,0.6548,964.63,556.41,0.6754,935.33,574.59,0.8415,965.22,589.24,0.8194,926.53,613.27,0.7972,968.15,629.10,0.7493,923.02,646.10,0.7610,982.81,660.75,0.7239,935.33,649.03,0.6684,951.74,650.79,0.6664,951.74,700.02,0.6722,962.29,707.64,0.7417,947.05,747.50,0.7574,918.91,746.92,0.7484
41,top,1,922.04,359.13,988.09,538.97,956.82,371.77,0.8591,961.65,369.58,0.7999,954.63,369.14,0.8089,969.56,376.60,0.8939,950.68,374.84,0.7343,978.78,404.70,0.8042,940.58,397.68,0.8054,978.34,438.51,0.7399,934.87,427.09,0.7526,964.29,463.54,0.6979,927.40,455.20,0.7195,967.80,464.86,0.6326,942.77,462.66,0.6467,966.04,509.20,0.7342,933.99,505.69,0.7652,970.87,561.01,0.5190,944.97,534.23,0.7915
41,bottom,0,912.46,527.52,989.80,766.31,974.44,552.47,0.7345,976.19,548.97,0.5388,975.61,549.56,0.6625,956.37,549.56,0.6274,970.36,553.64,0.7211,941.21,571.13,0.8249,968.61,586.28,0.8188,934.22,610.19,0.7320,968.03,626.51,0.7321,930.72,643.42,0.6425,979.11,660.32,0.7614,940.63,647.50,0.6643,955.79,648.66,0.6476,952.29,697.05,0.7919,972.70,702.88,0.7876,947.63,747.77,0.7626,927.81,740.19,0.7630
42,top,1,914.92,361.12,987.59,565.94,957.26,375.52,0.7685,962.26,373.02,0.7541,954.75,371.52,0.7800,969.26,379.02,0.8601,950.25,377.02,0.7841,977.26,407.52,0.8164,938.75,399.52,0.8206,977.76,440.52,0.7389,933.25,428.52,0.7742,965.26,465.53,0.6990,922.75,457.03,0.7241,966.76,465.03,0.6056,942.75,461.53,0.6131,966.76,512.53,0.7047,933.25,506.53,0.7302,967.26,555.04,0.5727,941.75,541.04,0.7748
42,bottom,0,924.28,524.17,995.06,764.99,982.60,550.51,0.7780,983.18,546.40,0.5600,982.01,547.57,0.6968,963.78,546.98,0.5975,974.95,551.10,0.6888,949.08,568.15,0.8103,973.19,583.44,0.7938,943.20,608.13,0.6813,969.07,622.83,0.7171,943.20,641.64,0.4657,974.37,660.46,0.7416,946.73,644.58,0.6379,961.43,646.35,0.6080,953.79,694.56,0.7622,983.77,696.91,0.7839,947.32,743.36,0.6269,942.62,736.89,0.7360
43,top,1,909.25,362.71,986.13,571.07,956.84,376.34,0.7522,961.42,373.79,0.7555,954.81,372.78,0.7752,968.54,379.90,0.8372,949.72,378.37,0.7968,976.68,407.88,0.8142,938.02,400.76,0.8212,976.68,441.45,0.7191,930.90,429.75,0.7569,966.00,466.38,0.6909,918.69,457.22,0.6986,966.00,463.83,0.5771,942.09,460.78,0.5833,966.51,512.16,0.6804,932.94,507.58,0.7230,966.00,554.89,0.5811,938.53,546.75,0.7907
43,bottom,0,934.11,522.18,1003.07,765.41,988.78,549.37,0.8096,989.97,545.22,0.6104,987.59,545.81,0.6933,969.19,545.81,0.5948,979.28,548.78,0.7138,956.72,565.41,0.8023,977.50,581.44,0.8100,950.78,607.57,0.6558,970.37,621.82,0.7450,971.56,636.07,0.4343,972.75,659.83,0.7618,953.75,645.57,0.6564,969.78,646.76,0.6341,956.12,693.08,0.7855,993.53,693.08,0.8037,946.62,743.55,0.7556,955.53,736.43,0.7547
44,top,0,905.51,364.88,985.08,577.21,955.15,378.26,0.7519,960.33,375.66,0.7682,953.07,374.63,0.7954,967.07,381.88,0.8450,948.41,379.81,0.7922,975.36,409.36,0.8061,937.00,402.62,0.8099,976.40,442.54,0.7072,929.75,429.58,0.7543,967.59,467.94,0.6814,916.27,456.01,0.7409,964.48,465.86,0.5759,940.63,463.27,0.5771,965.51,511.48,0.6787,933.89,507.85,0.7286,966.03,554.51,0.6520,934.41,553.47,0.8258
44,bottom,1,935.62,522.65,1011.18,764.77,995.27,547.95,0.8429,995.87,544.40,0.6115,992.91,544.40,0.7081,975.18,544.40,0.5283,984.04,547.95,0.6978,963.35,562.73,0.8338,981.68,580.46,0.7930,956.85,603.52,0.6088,971.63,620.07,0.7206,976.95,635.44,0.4152,969.86,658.49,0.7225,957.44,641.94,0.6761,972.22,643.71,0.6620,958.63,692.18,0.7851,1001.19,689.82,0.8173,946.21,747.75,0.8620,968.67,739.47,0.7523
45,top,0,903.16,366.35,984.74,580.59,954.41,380.36,0.7490,959.64,377.23,0.7618,951.80,376.18,0.7846,965.92,383.50,0.8483,947.09,381.41,0.7931,974.29,411.22,0.8137,935.06,404.42,0.8156,975.86,443.13,0.7124,927.74,430.58,0.7587,967.49,468.24,0.7046,913.61,455.16,0.7688,963.83,467.19,0.5805,939.24,465.10,0.5760,965.92,514.79,0.7120,934.54,512.70,0.7465,969.06,557.16,0.6957,930.87,559.25,0.8357
45,bottom,1,937.25,521.69,1017.74,764.38,1002.38,548.23,0.8387,1003.56,544.09,0.6362,1000.60,544.68,0.6974,979.27,544.09,0.5184,991.71,547.64,0.6818,968.61,561.27,0.8154,986.97,579.64,0.8111,961.50,601.56,0.5920,974.53,617.56,0.7526,973.94,632.96,0.3658,968.61,656.66,0.7538,960.90,640.07,0.6690,976.90,641.85,0.6281,960.90,692.21,0.7844,1009.49,687.47,0.8354,947.87,747.32,0.9120,986.38,739.02,0.7750
46,top,0,901.50,367.58,984.02,583.13,952.24,382.74,0.7591,957.50,379.58,0.7710,950.13,378.53,0.8120,964.34,385.89,0.8613,945.39,383.79,0.7967,973.28,413.26,0.8147,933.29,406.42,0.8233,977.49,445.89,0.7275,925.92,431.15,0.7595,968.02,470.62,0.7046,912.24,453.78,0.7827,962.23,470.09,0.5815,938.55,468.51,0.5755,965.39,516.40,0.7201,934.34,514.30,0.7615,966.44,557.45,0.7143,929.08,560.08,0.8256
46,bottom,1,938.18,521.84,1036.38,761.61,1008.94,547.48,0.8265,1009.52,543.38,0.6180,1007.18,543.97,0.6869,987.28,543.97,0.5375,998.99,548.06,0.6941,976.16,562.11,0.7695,992.55,579.67,0.7912,967.96,602.50,0.5792,977.91,616.55,0.7397,981.43,635.29,0.3797,970.89,655.19,0.7127,966.21,641.72,0.6314,982.01,642.90,0.6240,962.69,691.48,0.7789,1015.38,686.80,0.8322,948.06,746.51,0.9040,1004.26,740.65,0.7765
47,top,0,899.78,369.89,983.56,585.52,951.67,386.11,0.7567,956.41,383.47,0.7718,949.04,381.90,0.7878,962.73,388.74,0.8495,943.78,386.63,0.8050,971.68,415.06,0.8227,931.14,408.74,0.8287,978.52,446.12,0.7596,923.25,431.91,0.7485,969.57,471.39,0.7179,909.56,454.54,0.7889,961.68,470.86,0.5739,937.46,469.28,0.5694,964.84,516.66,0.7280,934.30,516.14,0.7728,965.89,554.04,0.7331,927.46,561.41,0.8213
47,bottom,1,939.67,522.88,1055.63,761.94,1015.15,548.44,0.8648,1016.32,544.36,0.7024,1013.40,544.94,0.7054,995.31,544.94,0.5362,1005.23,549.03,0.6815,984.81,564.20,0.7537,998.81,580.54,0.7855,981.89,602.72,0.5643,983.05,616.15,0.7524,1002.31,613.23,0.5807,973.72,656.42,0.7187,973.13,640.66,0.5979,987.14,641.83,0.6131,964.96,691.44,0.7446,1018.66,686.77,0.7736,948.62,746.30,0.8758,1023.33,742.21,0.7746
48,top,1,898.31,373.66,982.73,589.10,948.41,387.76,0.7665,953.67,384.60,0.7825,945.78,383.55,0.7977,959.45,390.91,0.8470,941.04,388.28,0.8073,969.97,416.68,0.8266,928.95,410.90,0.8285,976.81,447.72,0.7542,920.53,432.99,0.7673,971.55,474.01,0.7094,906.85,454.55,0.7877,959.98,473.49,0.5894,936.31,471.91,0.5859,964.19,517.14,0.7259,933.15,517.67,0.7684,966.29,551.33,0.7436,928.42,563.43,0.8114
48,bottom,0,939.61,523.83,1070.49,762.69,1021.37,549.37,0.8786,1022.54,544.71,0.7276,1020.21,545.29,0.7238,1001.55,545.29,0.5610,1011.46,548.79,0.6902,989.30,564.53,0.7495,1005.63,580.86,0.7890,988.72,603.60,0.5790,988.72,617.02,0.7538,1010.88,608.85,0.6016,979.97,657.25,0.7204,978.81,641.51,0.6290,993.97,643.26,0.6379,968.89,691.66,0.7744,1021.37,690.49,0.7735,949.65,745.89,0.8878,1036.54,742.98,0.8080
49,top,0,894.87,374.66,982.85,590.51,946.24,390.89,0.8048,950.98,387.73,0.8080,943.61,386.68,0.8157,957.31,392.47,0.8600,938.34,390.89,0.8218,968.37,418.29,0.8371,926.74,412.50,0.8408,976.28,447.80,0.7475,917.26,434.63,0.7740,972.59,472.04,0.6798,903.56,454.65,0.7963,958.89,476.26,0.6136,935.17,475.21,0.6083,963.10,518.94,0.7245,932.01,520.53,0.7705,965.74,550.56,0.7822,928.32,567.43,0.8643
49,bottom,1,939.35,523.56,1072.73,763.67,1029.49,549.24,0.8514,1030.08,545.13,0.6963,1027.73,545.72,0.7292,1010.14,545.72,0.5171,1017.76,549.24,0.6928,996.66,565.06,0.7512,1011.90,580.89,0.7842,994.90,603.17,0.5176,996.66,617.24,0.7608,1019.52,604.34,0.5394,988.45,658.27,0.7296,984.35,643.03,0.5983,1001.94,645.37,0.6174,974.38,690.51,0.7630,1025.97,692.86,0.7712,950.35,744.44,0.8585,1041.21,744.44,0.8188
50,top,1,890.38,374.92,982.21,590.68,942.61,390.09,0.8619,947.35,386.93,0.8458,939.98,385.88,0.8560,954.20,392.73,0.8946,935.24,391.15,0.8290,965.79,418.01,0.8476,924.18,413.80,0.8522,974.75,449.09,0.7544,913.64,436.97,0.7951,972.64,476.48,0.6738,899.42,457.52,0.8229,956.84,476.48,0.6379,933.13,474.90,0.6273,961.58,521.25,0.7585,930.50,522.31,0.7878,965.79,549.70,0.8170,927.87,569.71,0.8984
50,bottom,0,939.84,523.68,1074.89,763.03,1036.00,549.27,0.8781,1036.00,545.18,0.7089,1034.24,545.77,0.7477,1015.54,545.77,0.5196,1024.89,548.69,0.6918,1003.86,565.05,0.7346,1017.88,579.66,0.7858,1003.86,603.62,0.5353,1004.44,617.06,0.7336,1028.40,601.87,0.5435,997.43,657.38,0.7368,993.92,642.77,0.6149,1010.28,644.53,0.6322,982.82,690.11,0.7380,1029.57,693.61,0.7871,953.02,740.36,0.8348,1043.59,744.45,0.8063
51,top,1,886.63,375.05,982.25,591.36,940.25,390.26,0.8778,945.00,386.56,0.8651,937.61,386.03,0.8649,951.87,392.90,0.9080,932.33,391.31,0.8387,963.49,417.72,0.8532,921.24,415.08,0.8565,973.52,447.82,0.7495,911.20,438.84,0.8101,974.05,473.70,0.6554,895.89,459.44,0.8288,954.51,477.40,0.6507,931.80,476.34,0.6365,960.32,523.87,0.7589,929.69,523.34,0.7904,964.54,550.28,0.8440,928.10,570.34,0.9044
51,bottom,0,944.80,523.05,1075.83,762.76,1041.92,548.09,0.9203,1042.50,544.00,0.7004,1040.75,544.58,0.7826,1022.02,545.17,0.5246,1031.97,547.51,0.7363,1010.90,564.48,0.7580,1024.95,579.11,0.7914,1012.07,602.52,0.5724,1012.07,617.15,0.7576,1035.48,602.52,0.5942,1007.98,655.78,0.7140,1001.54,641.15,0.6340,1017.34,642.32,0.6336,995.10,688.55,0.6949,1034.31,693.23,0.7890,959.40,736.54,0.8259,1044.26,744.73,0.8038
52,top,1,884.03,375.46,983.44,591.03,937.95,390.62,0.8767,942.68,386.93,0.8578,934.79,386.40,0.8748,949.53,393.25,0.9070,930.05,391.67,0.8115,962.68,418.51,0.8353,919.00,416.40,0.8408,973.21,447.98,0.7561,908.47,440.61,0.7912,976.37,475.88,0.7090,893.74,462.19,0.7725,953.74,479.03,0.6412,930.05,477.98,0.6355,958.47,525.87,0.7489,928.47,523.77,0.7754,963.21,549.03,0.8403,928.47,570.61,0.8932
52,bottom,0,953.65,520.67,1077.11,761.62,1048.91,547.02,0.9832,1049.50,542.90,0.7758,1047.15,542.90,0.8552,1031.85,544.08,0.5359,1037.15,545.84,0.7520,1018.91,564.08,0.7520,1029.50,577.02,0.8136,1022.44,602.32,0.5966,1020.68,615.26,0.7673,1043.62,603.49,0.6822,1020.09,655.26,0.7366,1011.85,642.91,0.6397,1024.20,644.67,0.6656,1007.73,688.79,0.7169,1038.32,692.91,0.8086,967.73,730.56,0.8220,1043.62,744.09,0.8366
53,top,1,884.13,375.42,982.80,591.23,936.10,390.60,0.8930,940.84,386.38,0.8636,932.94,386.38,0.8803,948.22,392.70,0.8959,928.20,391.65,0.7922,961.92,419.05,0.8178,917.13,417.47,0.8257,972.46,449.61,0.7668,906.07,443.29,0.7745,977.72,479.11,0.7380,890.79,468.05,0.7382,952.96,480.69,0.6469,929.25,480.17,0.6416,957.18,527.59,0.7392,927.67,526.01,0.7734,960.34,548.14,0.8314,928.20,570.79,0.8805
53,bottom,0,963.00,518.84,1077.16,760.29,1054.27,544.66,0.9811,1054.86,541.13,0.7650,1052.50,541.13,0.8464,1037.77,542.89,0.5585,1043.07,544.07,0.7909,1024.21,562.35,0.7577,1034.82,575.32,0.8128,1025.98,600.66,0.5863,1027.74,614.22,0.7808,1048.38,604.79,0.6847,1031.87,653.13,0.7630,1018.90,639.57,0.6052,1026.57,641.34,0.6534,1023.03,686.73,0.7012,1040.71,692.03,0.7605,978.82,725.04,0.7729,1043.66,744.50,0.7866
54,top,1,884.42,375.49,983.64,591.58,935.09,391.21,0.9111,939.84,386.46,0.8834,931.39,386.46,0.9041,946.69,392.79,0.8911,926.65,392.26,0.8070,960.94,418.64,0.8251,915.57,418.64,0.8372,970.96,450.30,0.7669,904.49,445.55,0.7810,978.35,479.31,0.7546,890.24,470.35,0.7505,951.44,481.95,0.6603,928.23,482.48,0.6531,956.19,527.85,0.7532,927.70,526.27,0.7721,958.30,548.95,0.8571,928.23,570.06,0.8954
54,bottom,0,976.30,517.64,1076.98,760.92,1059.31,543.06,0.9480,1059.90,539.49,0.7443,1058.12,539.49,0.8301,1045.05,541.28,0.5352,1048.61,542.46,0.7730,1030.80,562.66,0.7303,1039.71,573.94,0.8039,1031.98,599.48,0.5798,1033.77,613.74,0.7647,1052.77,608.99,0.7477,1042.67,648.19,0.6773,1027.83,640.47,0.5746,1031.98,641.65,0.6413,1038.52,686.20,0.6447,1042.67,690.36,0.7052,991.59,720.06,0.6562,1043.27,743.22,0.6525
55,top,1,886.51,375.80,984.32,590.71,934.36,391.44,0.9159,938.56,387.24,0.8592,930.69,387.24,0.8895,945.38,393.01,0.8685,925.97,392.49,0.8397,960.60,419.24,0.8331,914.43,419.24,0.8417,968.99,452.82,0.7745,903.93,448.10,0.7744,977.39,481.68,0.7550,891.34,475.38,0.7449,951.68,481.68,0.6505,927.54,482.20,0.6485,955.35,527.85,0.7649,927.02,526.80,0.7769,956.40,551.46,0.8492,928.07,570.87,0.8814
55,bottom,0,987.41,516.22,1077.91,760.85,1064.91,542.38,0.9229,1065.51,538.80,0.7467,1063.12,538.20,0.8266,1051.18,540.59,0.5170,1053.57,541.19,0.7764,1035.65,563.29,0.7178,1045.20,573.44,0.7950,1035.65,602.11,0.5566,1040.43,612.86,0.7747,1057.75,613.45,0.6829,1056.55,647.50,0.7339,1035.65,641.52,0.5630,1039.23,642.72,0.6315,1042.22,685.12,0.6672,1044.61,692.89,0.7470,1005.19,715.58,0.6960,1044.01,744.25,0.7187
56,top,1,887.69,376.20,984.90,590.62,934.20,393.37,0.9002,938.39,388.66,0.8492,930.01,388.66,0.8744,945.19,394.42,0.8423,925.30,393.89,0.8548,959.85,420.07,0.8238,913.26,420.07,0.8283,967.70,453.05,0.7640,904.36,447.81,0.7294,976.08,480.79,0.7333,895.46,472.42,0.6825,952.00,482.89,0.6444,927.40,483.41,0.6430,955.14,527.38,0.7535,927.40,527.38,0.7537,955.14,555.65,0.8372,927.92,570.83,0.8540
56,bottom,0,1003.14,516.17,1084.81,761.36,1070.31,541.79,0.8728,1070.91,538.20,0.7145,1067.92,538.20,0.7711,1049.96,540.60,0.4951,1058.34,540.60,0.7377,1040.38,562.74,0.6895,1049.36,572.32,0.7762,1040.38,603.45,0.5128,1046.97,613.62,0.7838,1060.14,625.60,0.5111,1071.51,645.35,0.7353,1045.77,638.77,0.5052,1044.57,640.56,0.6041,1064.33,678.87,0.6750,1048.17,692.64,0.7449,1020.03,715.38,0.7128,1043.97,744.72,0.7396
57,top,1,892.75,377.38,981.57,590.55,933.52,394.97,0.9044,937.68,390.29,0.8646,929.88,390.29,0.8685,944.45,395.49,0.8234,924.15,394.97,0.8534,959.54,422.03,0.7995,912.18,420.99,0.8200,966.30,453.78,0.7510,905.42,447.54,0.7369,974.11,481.88,0.7076,898.65,471.47,0.6837,950.69,482.92,0.6284,926.23,483.96,0.6236,954.33,527.68,0.7445,926.75,528.72,0.7425,953.81,560.99,0.7977,928.83,571.92,0.8314
57,bottom,0,1021.96,516.18,1101.17,760.15,1076.46,541.67,0.8927,1077.05,538.10,0.7513,1074.07,538.10,0.7647,1061.56,539.89,0.5457,1064.54,541.08,0.7394,1048.46,564.31,0.6880,1054.42,572.65,0.8026,1043.70,604.22,0.5447,1053.23,613.15,0.8158,1062.76,632.21,0.4638,1083.01,642.34,0.7365,1054.42,638.76,0.5620,1050.25,640.55,0.6422,1075.26,678.07,0.6956,1053.23,691.77,0.7491,1036.55,717.98,0.7915,1044.29,743.59,0.8339
58,top,1,894.86,379.06,977.82,594.18,933.71,396.81,0.8934,937.91,392.61,0.8581,929.51,392.61,0.8645,944.21,397.34,0.8196,923.73,396.81,0.8549,958.40,423.60,0.7905,911.13,422.55,0.8161,965.22,454.58,0.7554,905.35,451.43,0.7074,972.05,483.47,0.7113,900.62,474.02,0.6149,949.99,485.05,0.6355,925.31,485.57,0.6378,953.67,528.64,0.7301,926.36,530.74,0.7293,953.14,568.03,0.7663,927.93,571.71,0.8352
58,bottom,0,1032.04,516.28,1108.76,760.56,1081.73,541.81,0.8841,1082.32,538.23,0.7487,1079.94,538.23,0.7624,1069.80,540.02,0.5221,1069.80,541.21,0.7154,1057.87,566.26,0.6777,1059.07,572.23,0.8066,1054.29,604.43,0.5437,1059.07,613.38,0.8427,1069.80,631.86,0.4254,1090.08,637.83,0.7382,1064.43,638.42,0.6354,1055.49,639.62,0.6777,1084.11,678.38,0.7661,1056.08,691.50,0.7807,1051.31,717.74,0.7521,1045.95,744.58,0.8574
59,top,1,899.07,381.36,977.32,601.20,934.44,399.50,0.8650,938.20,395.21,0.8534,930.15,394.67,0.8504,944.64,400.04,0.7868,924.24,399.50,0.8510,958.59,425.26,0.7803,910.82,424.73,0.8084,964.50,456.93,0.7294,907.07,455.32,0.7083,970.40,486.45,0.6875,905.46,479.47,0.5852,949.47,485.38,0.6004,924.78,486.45,0.6025,953.22,531.00,0.7162,925.85,531.53,0.7091,953.76,576.08,0.7786,928.00,571.79,0.8146
59,bottom,0,1033.66,515.71,1116.23,759.45,1087.44,541.18,0.8815,1088.04,537.61,0.7179,1085.66,537.61,0.7522,1071.97,539.39,0.5490,1076.14,540.58,0.7270,1063.64,566.17,0.6927,1064.24,572.72,0.8144,1060.07,602.47,0.5548,1063.64,611.99,0.8509,1077.92,629.25,0.4235,1095.77,634.61,0.7472,1071.97,637.58,0.6787,1059.47,639.37,0.6989,1091.61,677.45,0.7837,1058.28,690.54,0.8100,1069.59,725.06,0.8039,1045.79,742.32,0.8847
60,top,1,902.80,384.76,976.19,606.28,934.63,401.95,0.8473,938.96,398.17,0.8510,930.31,397.63,0.8404,944.91,401.95,0.7802,924.36,400.87,0.8396,958.97,427.37,0.7678,910.84,426.83,0.8114,964.38,459.28,0.7223,908.13,457.66,0.6960,968.70,487.41,0.6814,909.21,483.62,0.5809,949.78,486.33,0.5945,924.90,486.87,0.5943,953.02,533.92,0.7260,925.98,532.84,0.6996,953.56,582.05,0.7759,928.14,572.32,0.7923
60,bottom,0,1034.63,515.90,1121.45,759.75,1093.52,541.38,0.9262,1094.11,538.40,0.7854,1092.33,537.81,0.7943,1075.66,540.78,0.5646,1082.80,540.78,0.7665,1070.30,567.57,0.7020,1069.70,572.93,0.8331,1065.54,603.29,0.5576,1069.70,612.22,0.8617,1081.61,628.89,0.4213,1102.45,634.25,0.7573,1077.44,637.82,0.6620,1064.94,639.61,0.6981,1095.90,678.90,0.8023,1061.37,690.81,0.8017,1088.75,730.70,0.7885,1045.89,742.60,0.8671
61,top,1,904.95,387.26,973.62,608.29,934.97,404.96,0.8502,939.29,400.64,0.8408,931.19,400.64,0.8295,945.22,404.96,0.7786,925.26,403.88,0.8471,958.71,429.24,0.7896,911.23,428.70,0.8150,964.11,460.54,0.7197,909.07,460.00,0.7032,967.35,489.68,0.6809,913.92,482.12,0.5995,950.08,489.14,0.5972,925.26,489.14,0.5980,952.24,537.16,0.7173,925.80,534.47,0.6943,953.86,584.11,0.7828,927.95,572.24,0.7885
61,bottom,0,1035.12,516.60,1138.19,759.87,1100.32,542.02,0.9160,1100.91,539.05,0.7762,1098.54,539.05,0.8014,1083.10,541.43,0.5746,1089.63,542.02,0.7637,1077.16,568.15,0.6909,1075.37,573.50,0.8206,1073.00,604.98,0.5415,1075.37,612.70,0.8420,1088.44,631.11,0.3899,1108.63,634.67,0.7390,1083.10,638.83,0.6375,1071.81,639.42,0.6834,1099.13,682.19,0.7745,1064.68,691.69,0.7735,1106.85,735.64,0.7947,1046.87,742.17,0.8428
